{"cameraMode":{"drawMode":0,"name":"Shaded","section":"Shading Mode"},"sceneLighting":false,"audioPlay":false,"sceneViewState":{"showFog":true,"showMaterialUpdate":false,"showSkybox":false,"showFlares":true,"showImageEffects":true,"showParticleSystems":true},"in2DMode":false,"pivot":{"x":0.4132620096206665,"y":-0.0010986924171447754,"z":0.04476594924926758},"rotation":{"x":0.004218843765556812,"y":-0.9920645356178284,"z":-0.11166063696146012,"w":-0.06446826457977295},"size":1.6063923835754395,"orthographic":false}