{"cameraMode":{"drawMode":0,"name":"Shaded","section":"Shading Mode"},"sceneLighting":true,"audioPlay":false,"sceneViewState":{"showFog":true,"showMaterialUpdate":false,"showSkybox":true,"showFlares":true,"showImageEffects":true,"showParticleSystems":true},"in2DMode":false,"pivot":{"x":-50.25993728637695,"y":-30.40125274658203,"z":101.13272857666016},"rotation":{"x":-0.1655782014131546,"y":-0.019923172891139985,"z":-0.0009106859797611833,"w":-0.9864845871925354},"size":71.66931915283203,"orthographic":false}