{"cameraMode":{"drawMode":0,"name":"Shaded","section":"Shading Mode"},"sceneLighting":true,"audioPlay":false,"sceneViewState":{"showFog":true,"showMaterialUpdate":false,"showSkybox":false,"showFlares":true,"showImageEffects":true,"showParticleSystems":true},"in2DMode":false,"pivot":{"x":40.21354675292969,"y":19.70166015625,"z":-22.516155242919923},"rotation":{"x":0.16673235595226289,"y":0.17053402960300446,"z":-0.02938799001276493,"w":0.9707645177841187},"size":12.124356269836426,"orthographic":false}