{"cameraMode":{"drawMode":0,"name":"Shaded","section":"Shading Mode"},"sceneLighting":true,"audioPlay":false,"sceneViewState":{"showFog":true,"showMaterialUpdate":false,"showSkybox":true,"showFlares":true,"showImageEffects":true,"showParticleSystems":true},"in2DMode":false,"pivot":{"x":17.95574378967285,"y":33.360469818115237,"z":-52.366485595703128},"rotation":{"x":0.15312114357948304,"y":-0.6260231137275696,"z":0.12677893042564393,"w":0.7541434168815613},"size":2.9833459854125978,"orthographic":false}