{"cameraMode":{"drawMode":0,"name":"Shaded","section":"Shading Mode"},"sceneLighting":false,"audioPlay":false,"sceneViewState":{"showFog":true,"showMaterialUpdate":false,"showSkybox":false,"showFlares":true,"showImageEffects":true,"showParticleSystems":true},"in2DMode":false,"pivot":{"x":-12.818525314331055,"y":-0.9173976182937622,"z":10.317085266113282},"rotation":{"x":-0.04361085593700409,"y":0.41151902079582217,"z":-0.023724883794784547,"w":-0.9105100631713867},"size":6.897219657897949,"orthographic":false}