{"cameraMode":{"drawMode":0,"name":"Shaded","section":"Shading Mode"},"sceneLighting":false,"audioPlay":false,"sceneViewState":{"showFog":true,"showMaterialUpdate":false,"showSkybox":false,"showFlares":true,"showImageEffects":true,"showParticleSystems":true},"in2DMode":false,"pivot":{"x":-15.630334854125977,"y":-0.5638585686683655,"z":-59.49928283691406},"rotation":{"x":0.07869567722082138,"y":-0.6598610877990723,"z":0.07380270957946778,"w":0.7441622018814087},"size":10.0,"orthographic":false}