{"cameraMode":{"drawMode":0,"name":"Shaded","section":"Shading Mode"},"sceneLighting":true,"audioPlay":false,"sceneViewState":{"showFog":true,"showMaterialUpdate":false,"showSkybox":true,"showFlares":true,"showImageEffects":true,"showParticleSystems":true},"in2DMode":false,"pivot":{"x":-28.792253494262697,"y":17.736921310424806,"z":-26.25994873046875},"rotation":{"x":0.002469200873747468,"y":-0.9954627156257629,"z":0.0898859053850174,"w":0.038546785712242129},"size":29.781190872192384,"orthographic":false}