{"cameraMode":{"drawMode":0,"name":"Shaded","section":"Shading Mode"},"sceneLighting":true,"audioPlay":false,"sceneViewState":{"showFog":true,"showMaterialUpdate":false,"showSkybox":true,"showFlares":true,"showImageEffects":true,"showParticleSystems":true},"in2DMode":false,"pivot":{"x":-66.45677947998047,"y":-16.956462860107423,"z":-5.12910270690918},"rotation":{"x":-0.21105411648750306,"y":0.6229044795036316,"z":-0.18286333978176118,"w":-0.7312161326408386},"size":38.078704833984378,"orthographic":false}