{"cameraMode":{"drawMode":0,"name":"Shaded","section":"Shading Mode"},"sceneLighting":true,"audioPlay":false,"sceneViewState":{"showFog":true,"showMaterialUpdate":false,"showSkybox":true,"showFlares":true,"showImageEffects":true,"showParticleSystems":true},"in2DMode":false,"pivot":{"x":-51.11896514892578,"y":62.532283782958987,"z":-178.31622314453126},"rotation":{"x":0.02893117442727089,"y":0.9716697931289673,"z":0.13756659626960755,"w":-0.19162283837795258},"size":79.36988067626953,"orthographic":false}