{"cameraMode":{"drawMode":0,"name":"Shaded","section":"Shading Mode"},"sceneLighting":false,"audioPlay":false,"sceneViewState":{"showFog":true,"showMaterialUpdate":false,"showSkybox":false,"showFlares":true,"showImageEffects":true,"showParticleSystems":true},"in2DMode":false,"pivot":{"x":0.2465776801109314,"y":0.11011776328086853,"z":0.011578679084777832},"rotation":{"x":-0.11849316954612732,"y":-0.07469947636127472,"z":0.008939574472606182,"w":-0.9901072382926941},"size":0.8660253882408142,"orthographic":false}