{"cameraMode":{"drawMode":0,"name":"Shaded","section":"Shading Mode"},"sceneLighting":true,"audioPlay":false,"sceneViewState":{"showFog":true,"showMaterialUpdate":false,"showSkybox":true,"showFlares":true,"showImageEffects":true,"showParticleSystems":true},"in2DMode":false,"pivot":{"x":20.659378051757814,"y":9.948493003845215,"z":-29.043170928955079},"rotation":{"x":0.08001991361379624,"y":0.7449535727500916,"z":-0.08396166563034058,"w":0.6576470732688904},"size":7.052672386169434,"orthographic":false}