{"cameraMode":{"drawMode":0,"name":"Shaded","section":"Shading Mode"},"sceneLighting":false,"audioPlay":false,"sceneViewState":{"showFog":true,"showMaterialUpdate":false,"showSkybox":false,"showFlares":true,"showImageEffects":true,"showParticleSystems":true},"in2DMode":false,"pivot":{"x":17.540245056152345,"y":-10.442532539367676,"z":-136.021240234375},"rotation":{"x":-0.008347961120307446,"y":-0.9948979020118713,"z":0.08268476277589798,"w":-0.06406518816947937},"size":61.4878044128418,"orthographic":false}